id	label	manifestUrl	projectId	size	progress	attribution	thumbnail
0022B56902DE888F0162FBD0FC385221	天保九戊戌年御入部御道中御供行列帳	https://www.digital-archives.pref.fukui.lg.jp/iiif/2/3409637/manifest	dafukui	35	5	福井県立図書館	https://www.digital-archives.pref.fukui.lg.jp/iiif-image/medium/abe60a6c1decaa3b5ce66f8702fd42ccd5238314.jpg
037c0d6b7a01aecc5925001cb358b3c5	家譜　百十　重富公　従安永九年七月十四日到同年十二月	https://www.digital-archives.pref.fukui.lg.jp/iiif/2/1044655/manifest	dafukui	41	0	福井県文書館	https://www.digital-archives.pref.fukui.lg.jp/iiif-image/medium/def54355544ccb6a25b2ed44b81a45ba13fce445.jpg
054865DF68CC581080527A5F90DDE830	家譜 三十一 吉邦公 享保元年	https://www.digital-archives.pref.fukui.lg.jp/iiif/2/1036755/manifest	dafukui	71	71	福井県文書館 Fukui Prefectural Archives	https://www.digital-archives.pref.fukui.lg.jp/iiif-image/medium/1365ec968b49e03df5f9ea3865489877215f71b7.jpg
0585F440E58A824D60FD8A5925FBC667	消息千字文（往来物、手習手本）	https://www.digital-archives.pref.fukui.lg.jp/iiif/2/3417014/manifest	dafukui	34	34	福井県文書館 Fukui Prefectural Archives	https://www.digital-archives.pref.fukui.lg.jp/iiif-image/medium/986163c7c42f1e57e6b488fbd8005c10e75ff307.jpg
0697B5080FCB2646F886222C6BA4B981	家譜 十六 吉品公 従貞享三年閏三月到同四年	https://www.digital-archives.pref.fukui.lg.jp/iiif/2/1035214/manifest	dafukui	62	62	福井県文書館 Fukui Prefectural Archives	https://www.digital-archives.pref.fukui.lg.jp/iiif-image/medium/9ba9f246a01e409b85a1076fddfcd98523995681.jpg
09821a56967bcf3c0074e122f43342d7	御用人通達之部大概	https://www.digital-archives.pref.fukui.lg.jp/iiif/2/1080592/manifest	dafukui	70	57	福井県文書館	https://www.digital-archives.pref.fukui.lg.jp/iiif/2/1080594/full/200,/0/default.jpg
09948C7DA23AE502F0255DAE1C1BF5A8	家譜 十七 吉品公 従元禄元年到同二年	https://www.digital-archives.pref.fukui.lg.jp/iiif/2/1035297/manifest	dafukui	40	40	福井県文書館 Fukui Prefectural Archives	https://www.digital-archives.pref.fukui.lg.jp/iiif-image/medium/03d2fc646c6413953b1192eedda7574f9c9910f1.jpg
09f1e747f728b41a329bb8adc9b5b899	家譜　四十七　宗矩公　元文元年	https://www.digital-archives.pref.fukui.lg.jp/iiif/2/1038428/manifest	dafukui	39	0	福井県文書館	https://www.digital-archives.pref.fukui.lg.jp/iiif/2/1038429/full/200,/0/default.jpg
0CB804A3027DED70E71C204965980963	道中小遣留帳（旅）	https://www.digital-archives.pref.fukui.lg.jp/iiif/2/1508213/manifest	dafukui	27	15	福井県文書館 Fukui Prefectural Archives	https://www.digital-archives.pref.fukui.lg.jp/iiif-image/medium/dff90ee8af953ee52202eaba36bd0b63954a05ea.jpg
0FD4041BCBA10204A69694A926877068	中仙道道中覚	https://www.digital-archives.pref.fukui.lg.jp/iiif/2/1408699/manifest	dafukui	15	14	福井県文書館 Fukui Prefectural Archives	https://www.digital-archives.pref.fukui.lg.jp/iiif-image/medium/7321811972da5f5b7a9ebff1b496a1498c30b7fa.jpg
0f6acf3a535fe4bb60b0ccea5de9afe7	家譜　四十五　宗矩公　享保十九年	https://www.digital-archives.pref.fukui.lg.jp/iiif/2/1038239/manifest	dafukui	32	1	福井県文書館	https://www.digital-archives.pref.fukui.lg.jp/iiif/2/1038278/full/200,/0/default.jpg
116eda9b91ee0856c428508e44db753e	家譜　五十四　宗矩公　延享四年	https://www.digital-archives.pref.fukui.lg.jp/iiif/2/1039118/manifest	dafukui	50	15	福井県文書館	https://www.digital-archives.pref.fukui.lg.jp/iiif/2/1039119/full/200,/0/default.jpg
1180519e1a299cac8916369b152f348c	家譜　百二　重富公　従安永五年五月十一日到同年十二月	https://www.digital-archives.pref.fukui.lg.jp/iiif/2/1043811/manifest	dafukui	49	0	福井県文書館	https://www.digital-archives.pref.fukui.lg.jp/iiif-image/medium/427534c2ae96e7285fa0176ad6c6d900d79bb761.jpg
11A61C43B132B54B96117B7D8B88A285	温古集 二巻	https://www.digital-archives.pref.fukui.lg.jp/iiif/2/1577855/manifest	dafukui	156	156	福井県文書館 Fukui Prefectural Archives	https://www.digital-archives.pref.fukui.lg.jp/iiif-image/medium/d18030d6a6d7a6710940f1325eedfc80cb5674ad.jpg
13A8ECDEB336E295AAB6450AC798DA9B	御用并被仰出之部	https://www.digital-archives.pref.fukui.lg.jp/iiif/2/1581597/manifest	dafukui	72	72	福井県文書館 Fukui Prefectural Archives	https://www.digital-archives.pref.fukui.lg.jp/iiif-image/medium/d1a4a3e66ffef727bc27e02f0a6801bcb26a8fed.jpg
13C6622B1EE4C7C8218E9F3723E2D498	教訓書手本（手習、初登山山手習教訓書）	https://www.digital-archives.pref.fukui.lg.jp/iiif/2/3416081/manifest	dafukui	16	16	福井県文書館 Fukui Prefectural Archives	https://www.digital-archives.pref.fukui.lg.jp/iiif-image/medium/ad8f118b244e8177e6d3567216161701f684c369.jpg
142760BF90B5EB04AA6DDE5EFDCF73F9	敦賀藩名改称歎願書	https://www.digital-archives.pref.fukui.lg.jp/iiif/2/3406297/manifest	dafukui	6	6	福井県立図書館	https://www.digital-archives.pref.fukui.lg.jp/iiif-image/medium/1c9eeedac22d83d1d29248d67c2dcfb875e1b6d1.jpg
15c0cc86eb3d71e1282310b1c1530afb	家譜　五十三　宗矩公　延享三年	https://www.digital-archives.pref.fukui.lg.jp/iiif/2/1039040/manifest	dafukui	49	31	福井県文書館	https://www.digital-archives.pref.fukui.lg.jp/iiif/2/1039041/full/200,/0/default.jpg
16DFCCCADB21F5293E57F6B862AE7D70	一札之事（豆腐直段ニ付）	https://www.digital-archives.pref.fukui.lg.jp/iiif/2/1505965/manifest	dafukui	2	2	福井県文書館 Fukui Prefectural Archives	https://www.digital-archives.pref.fukui.lg.jp/iiif-image/medium/915d5cf59a35f5bbc1153ef606dcef1131354b4f.jpg
191EB29E0A784EFC1697D2893015DFF7	越前国大野郡今井村明細帳	https://www.digital-archives.pref.fukui.lg.jp/iiif/2/2577054/manifest	dafukui	10	10	福井県文書館 Fukui Prefectural Archives	https://www.digital-archives.pref.fukui.lg.jp/iiif-image/medium/ce0635e355a7b29c15a8449362c7f2ed380426e1.jpg
1928ee5343016d094fcff09ef3822751	家譜　百十七　重富公　天明八年	https://www.digital-archives.pref.fukui.lg.jp/iiif/2/1045391/manifest	dafukui	68	0	福井県文書館	https://www.digital-archives.pref.fukui.lg.jp/iiif-image/medium/a9d41c4b57d8f8432caac26188f68be711967f98.jpg
1E49360DCBD1C6883EDEC2DC50F978DC	家譜 三 忠昌公 従慶長八年到寛永六年	https://www.digital-archives.pref.fukui.lg.jp/iiif/2/1033146/manifest	dafukui	82	82	福井県文書館 Fukui Prefectural Archives	https://www.digital-archives.pref.fukui.lg.jp/iiif-image/medium/113179e4f8aaf08a3057209decff137d15f2477a.jpg
1FADBCCBB2080515F8429252B7AD6EBD	相定メ申一札之事（桑植付之儀等ニ付）	https://www.digital-archives.pref.fukui.lg.jp/iiif/2/1948855/manifest	dafukui	2	1	福井県文書館 Fukui Prefectural Archives	https://www.digital-archives.pref.fukui.lg.jp/iiif-image/medium/889e687a1a8b9263bf8019643621df77a5e8ff52.jpg
1FB990FEB4AB61465A33AC0E07C391D4	命令之部 四	https://www.digital-archives.pref.fukui.lg.jp/iiif/2/1078771/manifest	dafukui	196	195	福井県文書館 Fukui Prefectural Archives	https://www.digital-archives.pref.fukui.lg.jp/iiif-image/medium/adc5be5eac1f297a15fafbf489b6808fd419af89.jpg
1aa69f58bd8e4581a483e5d84f5489d2	家譜　七十七　重富公　従宝暦十二年正月到同年八月二十六日	https://www.digital-archives.pref.fukui.lg.jp/iiif/2/1041537/manifest	dafukui	39	0	福井県文書館	https://www.digital-archives.pref.fukui.lg.jp/iiif-image/medium/7bf63ce2365ae4fd70242ce5dc1df3eee951dc9e.jpg
1ba930387973d5c65456af146b14b1e7	諸士先祖之記（諸士先祖之記録　一）	https://www.digital-archives.pref.fukui.lg.jp/iiif/2/1121153/manifest	dafukui	111	111	福井県文書館	https://www.digital-archives.pref.fukui.lg.jp/iiif/2/1121265/full/200,/0/default.jpg
1d668660fcc751fa509811f118461cff	家譜　百二十　重富公　寛政三年	https://www.digital-archives.pref.fukui.lg.jp/iiif/2/1045754/manifest	dafukui	52	0	福井県文書館	https://www.digital-archives.pref.fukui.lg.jp/iiif-image/medium/a45db30c438bee1e2c21a0d298ab79ebf8077c52.jpg
200FA054BFEBA1576BF1BB13C9CCE0AD	村名・連語	https://www.digital-archives.pref.fukui.lg.jp/iiif/2/2820428/manifest	dafukui	55	17	福井県文書館 Fukui Prefectural Archives	https://www.digital-archives.pref.fukui.lg.jp/iiif-image/medium/dc8d90eead488069dc857c43072f00f3d140fe97.jpg
20e37124db682ece73d2e90cfd99b602	大正六年福井県師範学校本科女子部第4学年生修学旅行日誌	https://www.digital-archives.pref.fukui.lg.jp/iiif/2/2552081/manifest	dafukui	44	0		https://www.digital-archives.pref.fukui.lg.jp/iiif-image/medium/2194004e659d22f0b30553f66aee7305178782b6.jpg
21005b052fb75f903b9792892751ee67	家譜　百　重富公　安永四年	https://www.digital-archives.pref.fukui.lg.jp/iiif/2/1043650/manifest	dafukui	54	0	福井県文書館	https://www.digital-archives.pref.fukui.lg.jp/iiif-image/medium/7fed436a736f99c83531375a5191cbea2b6fbc2f.jpg
212dfc17c7b4ce39ada9c3764c95a374	家譜　百四　重富公　従安永六年七月二十三日到同年十二月	https://www.digital-archives.pref.fukui.lg.jp/iiif/2/1043930/manifest	dafukui	32	0	福井県文書館	https://www.digital-archives.pref.fukui.lg.jp/iiif-image/medium/be1609dfd25a5a317d02a4aa6ea4e854ee7e7f70.jpg
22a01f2589dcb1bbde63f0a8d94ff255	諸士先祖之記（諸士先祖之記録　三）	https://www.digital-archives.pref.fukui.lg.jp/iiif/2/1121428/manifest	dafukui	79	79	福井県文書館	https://www.digital-archives.pref.fukui.lg.jp/iiif/2/1121508/full/200,/0/default.jpg
241395b7c3718c71376b71a34be8259d	家譜　六十　重昌公　従宝暦元年到同二年	https://www.digital-archives.pref.fukui.lg.jp/iiif/2/1039786/manifest	dafukui	68	0	福井県文書館	https://www.digital-archives.pref.fukui.lg.jp/iiif-image/medium/266fe595fab08f61bdeb6d8bbeb212626532c9df.jpg
265cba3a1fbe01f0c676109735630623	家譜　九十五　重富公　従安永元年正月到同年五月十九日	https://www.digital-archives.pref.fukui.lg.jp/iiif/2/1043071/manifest	dafukui	42	0	福井県文書館	https://www.digital-archives.pref.fukui.lg.jp/iiif-image/medium/d56032636251341b75cb932165a7153f085de2f9.jpg
2696fc85a7253292f2648856843a6f3b	家譜　九十三　重富公　従明和八年正月到同年六月	https://www.digital-archives.pref.fukui.lg.jp/iiif/2/1042814/manifest	dafukui	41	0	福井県文書館	https://www.digital-archives.pref.fukui.lg.jp/iiif-image/medium/74ee54a5e22cf2dc09bf5a54a3e8b6253fd66e65.jpg
2A673FC41213E86B9FBCC57C10523FA4	家譜 三十四 吉邦公 従享保五年到同六年	https://www.digital-archives.pref.fukui.lg.jp/iiif/2/1037156/manifest	dafukui	92	26	福井県文書館 Fukui Prefectural Archives	https://www.digital-archives.pref.fukui.lg.jp/iiif-image/medium/504cb27c8d950780b3f0e3196659e7742f2f2c02.jpg
2BF51C1013B0054BBDA0EF83CF8A8A96	天災之部・御普請之部・屋敷之部	https://www.digital-archives.pref.fukui.lg.jp/iiif/2/1583224/manifest	dafukui	91	91	福井県文書館 Fukui Prefectural Archives	https://www.digital-archives.pref.fukui.lg.jp/iiif-image/medium/ba66846b78908e3b30ce691db59ef2698e28b4ab.jpg
2CF33B107C076445AB4AC8AB6AEC3CFD	少傅日録抄（斉承付側向頭取日記、在国）	https://www.digital-archives.pref.fukui.lg.jp/iiif/2/1586205/manifest	dafukui	175	175	福井県文書館 Fukui Prefectural Archives	https://www.digital-archives.pref.fukui.lg.jp/iiif-image/medium/da2b2719c18141f8ade260e1add9d03ba5459efc.jpg
2DB2803A0B9253BC40D5E427435E8134	漂客談奇（備考雑録写8）	https://www.digital-archives.pref.fukui.lg.jp/iiif/2/4278277/manifest	dafukui	40	40	福井県文書館 Fukui Prefectural Archives	https://www.digital-archives.pref.fukui.lg.jp/iiif-image/medium/b7932f5204242dbf9a2f23b7c76ccae8e06d1faa.jpg
2d40f14f638cdd03a09937122ba61ff0	家譜　四十四　宗矩公　享保十八年	https://www.digital-archives.pref.fukui.lg.jp/iiif/2/1038163/manifest	dafukui	38	0	福井県文書館	https://www.digital-archives.pref.fukui.lg.jp/iiif/2/1038164/full/200,/0/default.jpg
2e0a51022c15e0f9ebd04cb7579de53c	家譜　五十七　重昌公　従寛保三年八月二十二日到寛延元年	https://www.digital-archives.pref.fukui.lg.jp/iiif/2/1039435/manifest	dafukui	63	0	福井県文書館	https://www.digital-archives.pref.fukui.lg.jp/iiif-image/medium/0e0036909781640741c5622f00dadd31c60632c1.jpg
303ee570b79a8ff9a13ca4fe59b1b665	家譜　百十六　重富公　天明七年	https://www.digital-archives.pref.fukui.lg.jp/iiif/2/1045228/manifest	dafukui	63	0	福井県文書館	https://www.digital-archives.pref.fukui.lg.jp/iiif-image/medium/c161f14d7a2e341c82e33623f740439c37b639c4.jpg
312653445cd149aca006aa64b4e24d40	夏体日誌（夏休日誌）	https://www.digital-archives.pref.fukui.lg.jp/iiif/2/1500979/manifest	dafukui	30	0	福井県文書館	https://www.digital-archives.pref.fukui.lg.jp/iiif-image/medium/e675254a3b580c1766ca16645cf37c860f1589c2.jpg
33376974232BC26501D2EC73DD67BEE3	家譜 十二 昌親公 従延宝四年八月到貞享三年閏三月	https://www.digital-archives.pref.fukui.lg.jp/iiif/2/1034553/manifest	dafukui	45	45	福井県文書館 Fukui Prefectural Archives	https://www.digital-archives.pref.fukui.lg.jp/iiif-image/medium/e224459a9a7093ef4d6f2e4df46b48698dc1bac2.jpg
34c7a5174c6957c139e04933c6ec5492	家譜　百六　重富公　従安永八年正月到同年六月二十日	https://www.digital-archives.pref.fukui.lg.jp/iiif/2/1044058/manifest	dafukui	43	0	福井県文書館	https://www.digital-archives.pref.fukui.lg.jp/iiif-image/medium/c34227a28e94c797e3e5a56a94f19344bb5a9c51.jpg
3550037C0B23A6F5D8E4030202326A1E	家譜 三十二 吉邦公 従享保二年到享保三年	https://www.digital-archives.pref.fukui.lg.jp/iiif/2/1036880/manifest	dafukui	96	96	福井県文書館 Fukui Prefectural Archives	https://www.digital-archives.pref.fukui.lg.jp/iiif-image/medium/83de20c9915a348868326669892229bd1c61ae2b.jpg
36c53045f73b6495d1046d0f1a4694d0	諸士先祖之記惣目録	https://www.digital-archives.pref.fukui.lg.jp/iiif/2/1122223/manifest	dafukui	46	46	福井県文書館	https://www.digital-archives.pref.fukui.lg.jp/iiif/2/1122270/full/200,/0/default.jpg
3760E90A01BA7F83BBE6621604271356	御咎之部并赦	https://www.digital-archives.pref.fukui.lg.jp/iiif/2/1580770/manifest	dafukui	115	115	福井県文書館 Fukui Prefectural Archives	https://www.digital-archives.pref.fukui.lg.jp/iiif-image/medium/f1a63d8ed403ea3e15956abd50c143b2e89b5805.jpg
37C34BE96700A97AA536A4FA9727624D	家譜 二十四 吉品公 従宝永三年到同五年	https://www.digital-archives.pref.fukui.lg.jp/iiif/2/1036043/manifest	dafukui	46	46	福井県文書館 Fukui Prefectural Archives	https://www.digital-archives.pref.fukui.lg.jp/iiif-image/medium/670b825682b15ece3042022a99bd70c6ec0d7ca1.jpg
380BBDB2B975D2EBA4C1B0B889EFC4C4	小学読本 初等科 巻一	https://www.digital-archives.pref.fukui.lg.jp/iiif/2/3947700/manifest	dafukui	32	32	福井県文書館 Fukui Prefectural Archives	https://www.digital-archives.pref.fukui.lg.jp/iiif-image/medium/241621f52151eab3212cb89be70a50a295cc50d5.jpg
39EBF137F40743F86AB5A70C0C7AC679	商売往来（往来物、手習、市之助・市兵衛の名もあり）	https://www.digital-archives.pref.fukui.lg.jp/iiif/2/3416314/manifest	dafukui	18	18	福井県文書館 Fukui Prefectural Archives	https://www.digital-archives.pref.fukui.lg.jp/iiif-image/medium/d45c030d960bb36f4bfebffeafb39ea54cb1a15d.jpg
3BA6C03B0360F92A1DDB28FDD874366B	家譜 四十 宗矩公 従享保十一年到享保十二年	https://www.digital-archives.pref.fukui.lg.jp/iiif/2/1037848/manifest	dafukui	51	20	福井県文書館 Fukui Prefectural Archives	https://www.digital-archives.pref.fukui.lg.jp/iiif-image/medium/50520ae37e90ddf5c60d07eb60400caa7c873f07.jpg
3E0F11767CE7E7D8222AD1751D4FB74B	家譜 二十六 吉品公 従宝永七年到正徳二年	https://www.digital-archives.pref.fukui.lg.jp/iiif/2/1036187/manifest	dafukui	32	32	福井県文書館 Fukui Prefectural Archives	https://www.digital-archives.pref.fukui.lg.jp/iiif-image/medium/2f10271d3c08fcf45ce9aa0d3d17414c506bc8d7.jpg
3b7e93f00c0446c51555b931df69015f	家譜　六十三　重昌公　従宝暦五年六月十二日到同年十二月	https://www.digital-archives.pref.fukui.lg.jp/iiif/2/1040247/manifest	dafukui	52	0	福井県文書館	https://www.digital-archives.pref.fukui.lg.jp/iiif-image/medium/be1201e741239bec6584f574dc251dba8e8391cb.jpg
3c2247f03933714e681c1768ba83cd0d	家譜　六十一　重昌公　従宝暦三年到同四年	https://www.digital-archives.pref.fukui.lg.jp/iiif/2/1039931/manifest	dafukui	63	0	福井県文書館	https://www.digital-archives.pref.fukui.lg.jp/iiif-image/medium/8f56ac2d6db4d001842b0831188a6d861b59d765.jpg
3fc77a179cb0c30b7f8abae7cbf442cd	家譜　八十四　重富公　従明和二年四月十二日到同年十二月	https://www.digital-archives.pref.fukui.lg.jp/iiif/2/1042058/manifest	dafukui	36	0	福井県文書館	https://www.digital-archives.pref.fukui.lg.jp/iiif-image/medium/486ec9f78c8067ecfbcc24ccfb70f99be03f7485.jpg
40c203869069d6b90af5ba94600f3e20	家譜　百九　重富公　従安永九年六月四日到同年七月十一日	https://www.digital-archives.pref.fukui.lg.jp/iiif/2/1044488/manifest	dafukui	40	0	福井県文書館	https://www.digital-archives.pref.fukui.lg.jp/iiif-image/medium/570345d212a9abdc1861c83abb3687268afd7901.jpg
412aaf7245d7a5b3c08019e7d28a72c6	家譜　八十一　重富公　従明和元年正月到同年七月五日	https://www.digital-archives.pref.fukui.lg.jp/iiif/2/1041828/manifest	dafukui	65	0	福井県文書館	https://www.digital-archives.pref.fukui.lg.jp/iiif-image/medium/b6ba61cf4a1f03ed880abfb016de148ec2f1b5c0.jpg
4276A422D56A849F750775E34FF49BD2	証文御手本（手習）	https://www.digital-archives.pref.fukui.lg.jp/iiif/2/3415757/manifest	dafukui	7	7	福井県文書館 Fukui Prefectural Archives	https://www.digital-archives.pref.fukui.lg.jp/iiif-image/medium/ac0385a6f08bf58926ac588f1a9972bc46f932e8.jpg
471F5D2643EE649D3B4CD95EEB63116C	邑名手本（手習）	https://www.digital-archives.pref.fukui.lg.jp/iiif/2/3416004/manifest	dafukui	10	10	福井県文書館 Fukui Prefectural Archives	https://www.digital-archives.pref.fukui.lg.jp/iiif-image/medium/7ce397cd94b26d971a5ab25d4bef954fa8234c41.jpg
491D3E1FC8AACF69B1B73FAF0E61B340	借用申銀子之事	https://www.digital-archives.pref.fukui.lg.jp/iiif/2/3390521/manifest	dafukui	1	1	福井県文書館 Fukui Prefectural Archives	https://www.digital-archives.pref.fukui.lg.jp/iiif-image/medium/f3a7fddde9727e0908bf4b82f1fed819397c4055.jpg
4A7C03A747D07DC410845C9F3F02A11C	漁具図 若狭海ノ部[画像あり]	https://www.digital-archives.pref.fukui.lg.jp/iiif/2/202311/manifest	dafukui	187	110	福井県文書館 Fukui Prefectural Archives	https://www.digital-archives.pref.fukui.lg.jp/iiif-image/medium/7bdae15c0d674ab7aab5c09942edb09bdd886f9c.jpg
4DD30966DBFF6A41A0690C6B97980DA9	家譜 三十八 宗矩公 従享保九年五月到享保九年十二月	https://www.digital-archives.pref.fukui.lg.jp/iiif/2/1037627/manifest	dafukui	41	41	福井県文書館 Fukui Prefectural Archives	https://www.digital-archives.pref.fukui.lg.jp/iiif-image/medium/35477d007f17d2dec7ea7fca29ff2ab6d23cbc1b.jpg
4F15F0DD83A9FD0EA190D01D221C567A	商売往来（往来物、手習手本）	https://www.digital-archives.pref.fukui.lg.jp/iiif/2/3416822/manifest	dafukui	34	34	福井県文書館 Fukui Prefectural Archives	https://www.digital-archives.pref.fukui.lg.jp/iiif-image/medium/1cdf0868b6294fbeb86b02fa8b40e8c03b0bc4c4.jpg
4FF0D31FF1448212509B71689FEC1ECC	家譜 二十三 吉品公 従宝永元年到同二年	https://www.digital-archives.pref.fukui.lg.jp/iiif/2/1035967/manifest	dafukui	38	38	福井県文書館 Fukui Prefectural Archives	https://www.digital-archives.pref.fukui.lg.jp/iiif-image/medium/7c31423cf75964533ffc646dd4f991c244dc16b1.jpg
4a603204f85f530254882ce500cf23e0	家譜　七十八　重富公　従宝暦十二年九月到同年十二月	https://www.digital-archives.pref.fukui.lg.jp/iiif/2/1041595/manifest	dafukui	43	0	福井県文書館	https://www.digital-archives.pref.fukui.lg.jp/iiif-image/medium/49bc93b52f25a9eca9e62c1adf8d6360bd05d4fa.jpg
4bea7fa93d107f1740a499ac38ef96a8	家譜　八十二　重富公　従明和元年七月六日到同年十二月	https://www.digital-archives.pref.fukui.lg.jp/iiif/2/1041919/manifest	dafukui	54	0	福井県文書館	https://www.digital-archives.pref.fukui.lg.jp/iiif-image/medium/8c9c742bd7276d53cb2f78fd1847d67057a0c23d.jpg
4c572b896f599aa9ca246ea1c4acbc87	家譜　五十八　重昌公　寛延二年	https://www.digital-archives.pref.fukui.lg.jp/iiif/2/1039549/manifest	dafukui	65	0	福井県文書館	https://www.digital-archives.pref.fukui.lg.jp/iiif-image/medium/5493b239c926c06c522d811dcd4bd9e5d011bfda.jpg
4d0cb11965721be177b26d023992750a	御触之部　下	https://www.digital-archives.pref.fukui.lg.jp/iiif/2/1080435/manifest	dafukui	86	25	福井県文書館	https://www.digital-archives.pref.fukui.lg.jp/iiif/2/1080436/full/200,/0/default.jpg
4f0b2abbd4ae72e2460d08daff79bde9	家譜　百二十四　重富公　寛政七年	https://www.digital-archives.pref.fukui.lg.jp/iiif/2/1046054/manifest	dafukui	47	0	福井県文書館	https://www.digital-archives.pref.fukui.lg.jp/iiif-image/medium/0000080fc625da0fb12df35269200b08cedcb34d.jpg
50622F06DBB5FC9F1D9C0C9CFE6FB3BF	越前国西方内志津庄内本折村御検地帳	https://www.digital-archives.pref.fukui.lg.jp/iiif/2/1996423/manifest	dafukui	41	41	福井県文書館 Fukui Prefectural Archives	https://www.digital-archives.pref.fukui.lg.jp/iiif-image/medium/42248869dadd6dc7a8ed31cec2c4618935e090eb.jpg
5092F1530A2778B3BF79634C1986181A	命令之部 五	https://www.digital-archives.pref.fukui.lg.jp/iiif/2/1079180/manifest	dafukui	104	81	福井県文書館 Fukui Prefectural Archives	https://www.digital-archives.pref.fukui.lg.jp/iiif-image/medium/083447ed341071a91b9ace069de54eaa270584b7.jpg
512E99F76B92B7176D333EC0418BAE88	家譜 十八 吉品公 従元禄三年到同六年	https://www.digital-archives.pref.fukui.lg.jp/iiif/2/1035451/manifest	dafukui	57	57	福井県文書館 Fukui Prefectural Archives	https://www.digital-archives.pref.fukui.lg.jp/iiif-image/medium/1d706189dd36b888be2ec3569152eb32429be625.jpg
51BA8AB28A9EB9651E6C6192C4F80ADD	文章手本（手習）	https://www.digital-archives.pref.fukui.lg.jp/iiif/2/3417418/manifest	dafukui	8	8	福井県文書館 Fukui Prefectural Archives	https://www.digital-archives.pref.fukui.lg.jp/iiif-image/medium/77c1aafb641afc2c498a2bdbb0772e8fc066ce72.jpg
53AA22C7A8DF5C754A61C4C30792423A	家譜 十一 昌親公 従延宝二年到延宝四年八月	https://www.digital-archives.pref.fukui.lg.jp/iiif/2/1034414/manifest	dafukui	71	71	福井県文書館 Fukui Prefectural Archives	https://www.digital-archives.pref.fukui.lg.jp/iiif-image/medium/c3e42138ef38a61acbe2e3b104b0475ed24f5efe.jpg
573CB017A08464A5CDCEA78B68B8D5CC	命令之部 三	https://www.digital-archives.pref.fukui.lg.jp/iiif/2/1078115/manifest	dafukui	173	173	福井県文書館 Fukui Prefectural Archives	https://www.digital-archives.pref.fukui.lg.jp/iiif-image/medium/393d3965dca2d522b0613e2bd8f038b8d3ec452f.jpg
5807efdeabfc1b54cf60e149893ace5d	家譜　百十二　重富公　天明二年	https://www.digital-archives.pref.fukui.lg.jp/iiif/2/1044849/manifest	dafukui	55	0	福井県文書館	https://www.digital-archives.pref.fukui.lg.jp/iiif-image/medium/4058169129b4f5aaacb245b1728861f19c0b2960.jpg
5895963f480694821a5a4e27fd1af5c4	家譜　九十　重富公　明和六年	https://www.digital-archives.pref.fukui.lg.jp/iiif/2/1042556/manifest	dafukui	55	0	福井県文書館	https://www.digital-archives.pref.fukui.lg.jp/iiif-image/medium/5b33f50307a29ae5d959308a11bd3935bd0a9605.jpg
58b7e19cb4068667a557c898be87e56c	家譜　七十五　重富公　従宝暦十一年正月到同年七月十六日	https://www.digital-archives.pref.fukui.lg.jp/iiif/2/1041395/manifest	dafukui	58	0	福井県文書館	https://www.digital-archives.pref.fukui.lg.jp/iiif-image/medium/48456b9b9beec3318ed16952ba7e1e5e35da2d1e.jpg
5DF0CD75F9B251AE0FDA85E725833FB3	家譜 二十七 吉邦公 従天和元年到宝永七年七月四日	https://www.digital-archives.pref.fukui.lg.jp/iiif/2/1036260/manifest	dafukui	75	75	福井県文書館 Fukui Prefectural Archives	https://www.digital-archives.pref.fukui.lg.jp/iiif-image/medium/e389d8c96cae2ed2db31f750320632812ae72841.jpg
5bd5f87d633847c06f3dc6314f2c2433	家譜　七十九　重富公　従宝暦十三年正月到同年七月	https://www.digital-archives.pref.fukui.lg.jp/iiif/2/1041687/manifest	dafukui	50	0	福井県文書館	https://www.digital-archives.pref.fukui.lg.jp/iiif-image/medium/676defa759d03c86473ab4810804475d5bd1a27a.jpg
5cd5e63fc4f5eec8940d110d8eccb5bc	家譜　八十三　重富公　従明和二年正月到同年四月十二日	https://www.digital-archives.pref.fukui.lg.jp/iiif/2/1041995/manifest	dafukui	44	0	福井県文書館	https://www.digital-archives.pref.fukui.lg.jp/iiif-image/medium/e85baca0dd8bd1b11d22d8d9050c2dd63890bd70.jpg
5e7efd6e52c3e034135e2d0ae5910765	家譜　百二十八　重富公御隠居後　従寛政十一年九月十八日到文化六年七月六日	https://www.digital-archives.pref.fukui.lg.jp/iiif/2/1046359/manifest	dafukui	76	0	福井県文書館	https://www.digital-archives.pref.fukui.lg.jp/iiif-image/medium/0aa7c8f8e5f0ddba5f23be3fa88718236a06ae0b.jpg
61b45fa57598752d43c58e04cd94dc16	家譜　百十九　重富公　寛政二年	https://www.digital-archives.pref.fukui.lg.jp/iiif/2/1045637/manifest	dafukui	83	0	福井県文書館	https://www.digital-archives.pref.fukui.lg.jp/iiif-image/medium/f248adec81f652eb1a28c5cb5ac1b344feebe010.jpg
6276EA45547764E4D9B34C7454B2896C	三都并道中之部	https://www.digital-archives.pref.fukui.lg.jp/iiif/2/1581226/manifest	dafukui	121	121	福井県文書館 Fukui Prefectural Archives	https://www.digital-archives.pref.fukui.lg.jp/iiif-image/medium/ac2c9bdc79addc469217b5f046f42ee542d4bfd0.jpg
65958065B93D1DDF57C159A1260A0492	家譜 六 光通公 従万治三年到寛文三年	https://www.digital-archives.pref.fukui.lg.jp/iiif/2/1033694/manifest	dafukui	51	51	福井県文書館 Fukui Prefectural Archives	https://www.digital-archives.pref.fukui.lg.jp/iiif-image/medium/3a8d34749b50fcec022b3799b4a2f3fecca2ba47.jpg
6595c4c206f0afbb749dea93e6a216ed	家譜　五十五　宗矩公　寛延元年	https://www.digital-archives.pref.fukui.lg.jp/iiif/2/1039227/manifest	dafukui	71	71	福井県文書館	https://www.digital-archives.pref.fukui.lg.jp/iiif/2/1039228/full/200,/0/default.jpg
6764a2a0a4d7ceb7095e7a20717ff2b1	家譜　六十八　重富公　従宝暦八年正月到同年七月二十七日	https://www.digital-archives.pref.fukui.lg.jp/iiif/2/1040697/manifest	dafukui	72	0	福井県文書館	https://www.digital-archives.pref.fukui.lg.jp/iiif-image/medium/9fc36ee5299bea094ee3165bdffabc5041f5e5c6.jpg
67DCE010B497D67F0966CA63BC3ACA2C	越州大野郡ノ内不動堂村御検地帳	https://www.digital-archives.pref.fukui.lg.jp/iiif/2/1766014/manifest	dafukui	48	48	福井県文書館 Fukui Prefectural Archives	https://www.digital-archives.pref.fukui.lg.jp/iiif-image/medium/f490eff287ab3f5287f7ec701023b0963179afbd.jpg
6987CF7C3A9855741D35391211B8250B	家譜 十四 綱昌公 従延宝六年到延宝八年	https://www.digital-archives.pref.fukui.lg.jp/iiif/2/1034882/manifest	dafukui	61	61	福井県文書館 Fukui Prefectural Archives	https://www.digital-archives.pref.fukui.lg.jp/iiif-image/medium/4005cb596176ce4439033a16ca858b0e9cf4865d.jpg
6B986DA6606DF8E81B1851A49BCD189A	家譜 二十一 吉品公 従元禄十三年到同十四年	https://www.digital-archives.pref.fukui.lg.jp/iiif/2/1035789/manifest	dafukui	36	36	福井県文書館 Fukui Prefectural Archives	https://www.digital-archives.pref.fukui.lg.jp/iiif-image/medium/befcd63e45547dc6a98ff71c1e65f6604c6935af.jpg
6E582D2375AB016982CD0DE67693E025	家譜 三十五 宗昌公 従享保六年到同七年	https://www.digital-archives.pref.fukui.lg.jp/iiif/2/1037260/manifest	dafukui	66	53	福井県文書館 Fukui Prefectural Archives	https://www.digital-archives.pref.fukui.lg.jp/iiif-image/medium/1b33bc73cc3e3bcdde45b5a8be201a1a994a72c7.jpg
6E79D8488379B2254F5DE64B104B8920	越前国大野郡今井村御検地帳	https://www.digital-archives.pref.fukui.lg.jp/iiif/2/2576367/manifest	dafukui	41	41	福井県文書館 Fukui Prefectural Archives	https://www.digital-archives.pref.fukui.lg.jp/iiif-image/medium/e8b571cc22bf31ccf517a9e5e182cb0c1e317bf7.jpg
703EB1FF6967CF81C17A2EC7FEB04C6B	家譜 三十 吉邦公 従正徳四年到同五年	https://www.digital-archives.pref.fukui.lg.jp/iiif/2/1036647/manifest	dafukui	82	63	福井県文書館 Fukui Prefectural Archives	https://www.digital-archives.pref.fukui.lg.jp/iiif-image/medium/1f25a35180aea934b1da1113ff2262ccc15e4b1c.jpg
70b61de0edd8a1b646cf434d5bb0f8cb	家譜　七十　重富公　宝暦九年	https://www.digital-archives.pref.fukui.lg.jp/iiif/2/1040878/manifest	dafukui	85	2	福井県文書館	https://www.digital-archives.pref.fukui.lg.jp/iiif-image/medium/a012a2e2314aa0479f9a015a5fdef02fe3de9391.jpg
722D25DEB52AF4F7B4105182850A5E0D	温古集 四巻	https://www.digital-archives.pref.fukui.lg.jp/iiif/2/1578513/manifest	dafukui	113	113	福井県文書館 Fukui Prefectural Archives	https://www.digital-archives.pref.fukui.lg.jp/iiif-image/medium/fa3c8301931f979d0866849b4e8053a603130f51.jpg
737E1AB9E9A8FCB6CF6C12B01986BD3B	御門御櫓之部	https://www.digital-archives.pref.fukui.lg.jp/iiif/2/1579904/manifest	dafukui	100	100	福井県文書館 Fukui Prefectural Archives	https://www.digital-archives.pref.fukui.lg.jp/iiif-image/medium/c93b7e5d81b768c5db42b534b7d971443c438548.jpg
74470af94c4226abc97a509916a9071c	家譜　四十八　宗矩公　従元文二年到同三年	https://www.digital-archives.pref.fukui.lg.jp/iiif/2/1038495/manifest	dafukui	59	34	福井県文書館	https://www.digital-archives.pref.fukui.lg.jp/iiif/2/1038496/full/200,/0/default.jpg
74e9e5b504fea7bab4c65dff3edcafae	家譜　四十二　宗矩公　従享保十四年到同十五年	https://www.digital-archives.pref.fukui.lg.jp/iiif/2/1038013/manifest	dafukui	54	2	福井県文書館	https://www.digital-archives.pref.fukui.lg.jp/iiif/2/1038014/full/200,/0/default.jpg
7707470871CB48BA594ACAA7339B7CB7	宝永弐酉五月火之用心護摩之灰御改帳証文	https://www.digital-archives.pref.fukui.lg.jp/iiif/2/901424/manifest	dafukui	15	10	福井県文書館 Fukui Prefectural Archives	https://www.digital-archives.pref.fukui.lg.jp/iiif-image/medium/966f7f49a99d06a2f2e9f19f9a98c5b433b3c3d3.jpg
7BA8C7BC0F23ADA3D751BBC86F3E75EC	家譜 九 光通公 従延宝元年到同二年	https://www.digital-archives.pref.fukui.lg.jp/iiif/2/1034116/manifest	dafukui	59	59	福井県文書館 Fukui Prefectural Archives	https://www.digital-archives.pref.fukui.lg.jp/iiif-image/medium/03d5c6c72ae3273cda92796ead3f0c3fb7f0629b.jpg
7D9353D81A34A70A3F40A5BA6032199A	家譜 十五 綱昌公 従天和元年到元禄十二年	https://www.digital-archives.pref.fukui.lg.jp/iiif/2/1034998/manifest	dafukui	78	78	福井県文書館 Fukui Prefectural Archives	https://www.digital-archives.pref.fukui.lg.jp/iiif-image/medium/39aaffa639897cee04e9bcd5a5a185013b50ca15.jpg
7D9B9D105622A0867B5D299C27F5C6A2	家譜 四 忠昌公 従寛永七年到正保四年	https://www.digital-archives.pref.fukui.lg.jp/iiif/2/1033366/manifest	dafukui	109	109	福井県文書館 Fukui Prefectural Archives	https://www.digital-archives.pref.fukui.lg.jp/iiif-image/medium/66a15da0af0e96f6a2d6c615b2e18afc87547807.jpg
7E7F2409002591E2B747EA8AE452B044	白山道中名所筆記（旅日記）	https://www.digital-archives.pref.fukui.lg.jp/iiif/2/3009194/manifest	dafukui	13	10	福井県文書館 Fukui Prefectural Archives	https://www.digital-archives.pref.fukui.lg.jp/iiif-image/medium/b27c544b865c682c454f00668387b260f4808278.jpg
7FE1156705F7D5299118A46DC754C3FB	温古集 五巻	https://www.digital-archives.pref.fukui.lg.jp/iiif/2/1578687/manifest	dafukui	111	111	福井県文書館 Fukui Prefectural Archives	https://www.digital-archives.pref.fukui.lg.jp/iiif-image/medium/8ba455b27d6540f183bdb544fb3da7b2266e8f44.jpg
7a1df31748bf9ff6e34c3fd838d9ae62	家譜　五十二　宗矩公　従延享元年到同二年	https://www.digital-archives.pref.fukui.lg.jp/iiif/2/1038932/manifest	dafukui	65	2	福井県文書館	https://www.digital-archives.pref.fukui.lg.jp/iiif/2/1038933/full/200,/0/default.jpg
7a57bf18bdf81b2f6d612e12a092ecc2	家譜　六十六　重昌公　宝暦八年	https://www.digital-archives.pref.fukui.lg.jp/iiif/2/1040500/manifest	dafukui	74	0	福井県文書館	https://www.digital-archives.pref.fukui.lg.jp/iiif-image/medium/8a6e575873ac6bf5fee7fe5f8ef4252d02d1a996.jpg
7aefc19078426fbba33b430098269b8a	家譜　九十九　重富公　従安永三年九月到同年十二月	https://www.digital-archives.pref.fukui.lg.jp/iiif/2/1043545/manifest	dafukui	39	0	福井県文書館	https://www.digital-archives.pref.fukui.lg.jp/iiif-image/medium/19316ffdd503cb3fd00d85a021aa3e8fae9ae097.jpg
7d06e417a02f3e58a448402240c99186	家譜　百十三　重富公　天明三年	https://www.digital-archives.pref.fukui.lg.jp/iiif/2/1044933/manifest	dafukui	62	0	福井県文書館	https://www.digital-archives.pref.fukui.lg.jp/iiif-image/medium/fb06c2b0e4a68530c76af0fca1c478fac1ff9245.jpg
7d15ab7b34b76c84a0b8502b8bda225d	家譜　八十九　重富公　従明和五年九月十一日到同年十二月	https://www.digital-archives.pref.fukui.lg.jp/iiif/2/1042455/manifest	dafukui	37	0	福井県文書館	https://www.digital-archives.pref.fukui.lg.jp/iiif-image/medium/13a9c9a9c4f57c41ce31047bf645ec166c29331b.jpg
7e062b482977ad6fdb64f11b8fdbb949	家譜　九十六　重富公　従安永元年五月二十三日到同年十二月	https://www.digital-archives.pref.fukui.lg.jp/iiif/2/1043168/manifest	dafukui	45	0	福井県文書館	https://www.digital-archives.pref.fukui.lg.jp/iiif-image/medium/e55b3ed13749653382702560cf26bb2d60a84446.jpg
7e86e54574489091de313ae5e617f094	家譜　百十五　重富公　従天明五年到同六年	https://www.digital-archives.pref.fukui.lg.jp/iiif/2/1045138/manifest	dafukui	53	0	福井県文書館	https://www.digital-archives.pref.fukui.lg.jp/iiif-image/medium/72333490ff0b0e9618cb57a8c6a25b6e8250a1a5.jpg
80CF31DC1C8DA7F195DF8FA98617F0BD	家譜 二十九 吉邦公 従正徳二年到正徳三年	https://www.digital-archives.pref.fukui.lg.jp/iiif/2/1036519/manifest	dafukui	85	85	福井県文書館 Fukui Prefectural Archives	https://www.digital-archives.pref.fukui.lg.jp/iiif-image/medium/8895c8ff538333b9c02a10a29a561023fc3dea5e.jpg
81FE1191FB882FA1B1D826B9E647B1AD	温古集 一巻	https://www.digital-archives.pref.fukui.lg.jp/iiif/2/1577504/manifest	dafukui	100	100	福井県文書館 Fukui Prefectural Archives	https://www.digital-archives.pref.fukui.lg.jp/iiif-image/medium/ad24ec41cfa1b5201931c15936a4efb509f68215.jpg
85fc7128db0db697ac52331d81b8d078	家譜　六十九　重富公　宝暦八年	https://www.digital-archives.pref.fukui.lg.jp/iiif/2/1040786/manifest	dafukui	51	0	福井県文書館	https://www.digital-archives.pref.fukui.lg.jp/iiif-image/medium/798e5c4764ecf6bf93d9423c102048da0d10f66c.jpg
87c1a1b1e3abff38760c1bc9ee0242c6	家譜　百十八　重富公　寛政元年	https://www.digital-archives.pref.fukui.lg.jp/iiif/2/1045500/manifest	dafukui	86	0	福井県文書館	https://www.digital-archives.pref.fukui.lg.jp/iiif-image/medium/52b24bbfe78dbf4e8f11475f85ae9d4067c50517.jpg
8E47F9BF8ABDCD0A98A00460EB0AED4C	家譜 八 光通公 従寛文十年到同十二年	https://www.digital-archives.pref.fukui.lg.jp/iiif/2/1033995/manifest	dafukui	70	70	福井県文書館 Fukui Prefectural Archives	https://www.digital-archives.pref.fukui.lg.jp/iiif-image/medium/abe71df9f48b194f146b4dd28061efe8874bc9ce.jpg
8c52b14c68a8017f1f02737dc7b9178c	家譜　七十六　重富公　従宝暦十一年七月十九日到同年十二月	https://www.digital-archives.pref.fukui.lg.jp/iiif/2/1041472/manifest	dafukui	40	0	福井県文書館	https://www.digital-archives.pref.fukui.lg.jp/iiif-image/medium/5c6b3ff2220461d9d2fcd19a6f2b3dbd466d9877.jpg
8cc98bcf9f341a27291a5c0162d12128	諸士先祖之記（諸士先祖之記録　四）	https://www.digital-archives.pref.fukui.lg.jp/iiif/2/1121668/manifest	dafukui	117	117	福井県文書館	https://www.digital-archives.pref.fukui.lg.jp/iiif/2/1121786/full/200,/0/default.jpg
8cd10b9da19ea2c20d63f5895bf3b15a	家譜　六十五　重昌公　宝暦七年	https://www.digital-archives.pref.fukui.lg.jp/iiif/2/1040431/manifest	dafukui	35	0	福井県文書館	https://www.digital-archives.pref.fukui.lg.jp/iiif-image/medium/3c770f03aaf05a128d349164e078c0ac0542f617.jpg
9083315AC70E41BD8B9D76A187519C98	御手本（手習）	https://www.digital-archives.pref.fukui.lg.jp/iiif/2/3417398/manifest	dafukui	15	15	福井県文書館 Fukui Prefectural Archives	https://www.digital-archives.pref.fukui.lg.jp/iiif-image/medium/13cff666c679832a20af1e6e971f776a5ca81147.jpg
93778e7d2b8c527c3476775ab37ffa9b	家譜　百十四　重富公　天明四年	https://www.digital-archives.pref.fukui.lg.jp/iiif/2/1045031/manifest	dafukui	74	0	福井県文書館	https://www.digital-archives.pref.fukui.lg.jp/iiif-image/medium/47f2a6becca684b057824d75882758a85de95cb7.jpg
94976ad4cb09a48925c145e01bee9ebe	家譜　六十二　重昌公　従宝暦五年正月到同年六月十日	https://www.digital-archives.pref.fukui.lg.jp/iiif/2/1040090/manifest	dafukui	78	0	福井県文書館	https://www.digital-archives.pref.fukui.lg.jp/iiif-image/medium/531e1d5591b020ca0485d215bafb80709268ba1d.jpg
98274FF8438EC905FA44A6F8AC8D0EB5	家譜 十九 吉品公 従元禄七年到同九年	https://www.digital-archives.pref.fukui.lg.jp/iiif/2/1035563/manifest	dafukui	46	46	福井県文書館 Fukui Prefectural Archives	https://www.digital-archives.pref.fukui.lg.jp/iiif-image/medium/97d60b32451f42f1468189b3c14bd02460347fd8.jpg
98b96f6ae25c794d74b3077aa3950dbe	家譜　五十　宗矩公　従寛保元年到同二年	https://www.digital-archives.pref.fukui.lg.jp/iiif/2/1038763/manifest	dafukui	44	44	福井県文書館	https://www.digital-archives.pref.fukui.lg.jp/iiif/2/1038764/full/200,/0/default.jpg
99F6075504E80CECA4849104DE51CACB	商売往来（往来物、手習）	https://www.digital-archives.pref.fukui.lg.jp/iiif/2/3416251/manifest	dafukui	30	30	福井県文書館 Fukui Prefectural Archives	https://www.digital-archives.pref.fukui.lg.jp/iiif-image/medium/38d93524a301597d99b45055f8fa0a7bfb4ef591.jpg
9C0A745DCF3267721D4BA10F5D462900	御手本（手習、消息文、和漢朗詠集・論語の一節）	https://www.digital-archives.pref.fukui.lg.jp/iiif/2/3416742/manifest	dafukui	34	34	福井県文書館 Fukui Prefectural Archives	https://www.digital-archives.pref.fukui.lg.jp/iiif-image/medium/d658c4f4831f64fe856065dea29ee734ed5f2b6e.jpg
9E3A0E91E637EC4701B14CB5DA0F050E	大成用文章（往来物）	https://www.digital-archives.pref.fukui.lg.jp/iiif/2/1508976/manifest	dafukui	96	96	福井県文書館 Fukui Prefectural Archives	https://www.digital-archives.pref.fukui.lg.jp/iiif-image/medium/6859251567c7ef9c59c00aae2d9c96e8556e5bd1.jpg
9eab7dbbf1fabe720fc8efcb95a00e81	家譜　七十三　重富公　従宝暦十年八月到同年十二月	https://www.digital-archives.pref.fukui.lg.jp/iiif/2/1041226/manifest	dafukui	52	0	福井県文書館	https://www.digital-archives.pref.fukui.lg.jp/iiif-image/medium/4f6c936ade70c6c14d9e62d89597a50b90dd12d4.jpg
A3B882CD69321459EC224E022BF8F5F5	家譜 三十七 宗矩公 従正徳五年到享保九年五月	https://www.digital-archives.pref.fukui.lg.jp/iiif/2/1037590/manifest	dafukui	21	21	福井県文書館 Fukui Prefectural Archives	https://www.digital-archives.pref.fukui.lg.jp/iiif-image/medium/30990bb7042178c57037f51835070e6eb62e5d64.jpg
A4759A32928D5FBAD738F294301EAD98	越前国中墨郡安沢村水帳（太閤検地帳）	https://www.digital-archives.pref.fukui.lg.jp/iiif/2/892239/manifest	dafukui	62	24	福井県文書館 Fukui Prefectural Archives	https://www.digital-archives.pref.fukui.lg.jp/iiif-image/medium/db643149a8766819a7c48f532341c3a1ecab74ec.jpg
A5C616F01299E0AB3B3D5BB206761F17	命令之部 六	https://www.digital-archives.pref.fukui.lg.jp/iiif/2/1079579/manifest	dafukui	216	213	福井県文書館 Fukui Prefectural Archives	https://www.digital-archives.pref.fukui.lg.jp/iiif-image/medium/06cec47c634014fb52174dfe3db15c5ce073aa3e.jpg
AB388F2792032B9D851D157AAB8DE097	（越前往来、福井市立郷土歴史博物館蔵の異本、前欠、後欠）	https://www.digital-archives.pref.fukui.lg.jp/iiif/2/2029458/manifest	dafukui	48	48	福井県文書館 Fukui Prefectural Archives	https://www.digital-archives.pref.fukui.lg.jp/iiif-image/medium/b56b3b90fe2241df52ddc76286e701ba65e972de.jpg
ACDB1200BDA3F9408D9F03E0E86A800A	家譜 二十二 吉品公 従元禄十五年到同十六年	https://www.digital-archives.pref.fukui.lg.jp/iiif/2/1035845/manifest	dafukui	54	54	福井県文書館 Fukui Prefectural Archives	https://www.digital-archives.pref.fukui.lg.jp/iiif-image/medium/ae93c0c74265d433481811b064935d5a804d7299.jpg
B2C6904A0E5DB5BD3953757DD92BF5BB	御手本（手習、小川浦大網に鯨掛り生捕候由ニ付）	https://www.digital-archives.pref.fukui.lg.jp/iiif/2/3415967/manifest	dafukui	18	18	福井県文書館 Fukui Prefectural Archives	https://www.digital-archives.pref.fukui.lg.jp/iiif-image/medium/f1bb7224310916f301db8f414676956e53718afd.jpg
B660497C5D80A445DA2CCA63FA9802DE	御国他国諸事之部	https://www.digital-archives.pref.fukui.lg.jp/iiif/2/1579747/manifest	dafukui	102	102	福井県文書館 Fukui Prefectural Archives	https://www.digital-archives.pref.fukui.lg.jp/iiif-image/medium/dda0e051acdf398f9d865604a430a39696052dca.jpg
B9E22B3A8ACD4A917935C7B29DD2EAA1	（献立覚）	https://www.digital-archives.pref.fukui.lg.jp/iiif/2/887611/manifest	dafukui	12	12	福井県文書館 Fukui Prefectural Archives	https://www.digital-archives.pref.fukui.lg.jp/iiif-image/medium/190cf18746fa414a83be2fd60b0c4bf29dbd053b.jpg
BA73FA6A2F6340B7641A82C98FDA9EA2	（日記）	https://www.digital-archives.pref.fukui.lg.jp/iiif/2/974064/manifest	dafukui	441	228	福井県文書館 Fukui Prefectural Archives	https://www.digital-archives.pref.fukui.lg.jp/iiif-image/medium/65213e7c669cc44e6eb15cb94adb9f228976fc26.jpg
BF3018D7A9D38D02429AA414F897EA9C	慶長三年七月越前国丹生郡玉川浦御検地帳写	https://www.digital-archives.pref.fukui.lg.jp/iiif/2/2402012/manifest	dafukui	18	8	福井県文書館 Fukui Prefectural Archives	https://www.digital-archives.pref.fukui.lg.jp/iiif-image/medium/9c1c45ffee089de90ba36e66b4fef634da0730c3.jpg
BF5180FE06985AAF11A17BF04F5BD141	御城下諸事之部	https://www.digital-archives.pref.fukui.lg.jp/iiif/2/1579552/manifest	dafukui	98	98	福井県文書館 Fukui Prefectural Archives	https://www.digital-archives.pref.fukui.lg.jp/iiif-image/medium/2cddfcff47ddd938986f9d03b769bb4315171f16.jpg
C013174BBB8B0F578E239FF18CBC7B21	家譜 十 昌親公 従寛永十七年到延宝二年三月	https://www.digital-archives.pref.fukui.lg.jp/iiif/2/1034304/manifest	dafukui	51	51	福井県文書館 Fukui Prefectural Archives	https://www.digital-archives.pref.fukui.lg.jp/iiif-image/medium/09360feee5a0d473b5c31fc8c81eccd505e47746.jpg
C03B3E5C7A5A0021D149C0C6802C44D8	村尽（合谷・南居・三尾野等村々、敦賀県・足羽県等、受取等例文…	https://www.digital-archives.pref.fukui.lg.jp/iiif/2/1367951/manifest	dafukui	20	17	福井県文書館 Fukui Prefectural Archives	https://www.digital-archives.pref.fukui.lg.jp/iiif-image/medium/d201f589b9bbc23d4151da570c76f0f64752d488.jpg
C8AA3AE13973C4596B544A88D31CD33C	命令之部 一	https://www.digital-archives.pref.fukui.lg.jp/iiif/2/1077184/manifest	dafukui	125	125	福井県文書館 Fukui Prefectural Archives	https://www.digital-archives.pref.fukui.lg.jp/iiif-image/medium/087c711308bf75bd6d2f07aa437916273413176f.jpg
CA93183846668F9EB7BDB512E0628C1E	少傅日録抄（斉善付側向頭取日記、在府）	https://www.digital-archives.pref.fukui.lg.jp/iiif/2/1586857/manifest	dafukui	126	126	福井県文書館 Fukui Prefectural Archives	https://www.digital-archives.pref.fukui.lg.jp/iiif-image/medium/731f0107580f0d0c56e7d0d23f2298eaca32918a.jpg
CB55A18A08F16449A7CC9BA5382D7B91	養子縁組之部	https://www.digital-archives.pref.fukui.lg.jp/iiif/2/1582713/manifest	dafukui	89	89	福井県文書館 Fukui Prefectural Archives	https://www.digital-archives.pref.fukui.lg.jp/iiif-image/medium/81534943498cfc69404998cd5089d29a70fbd603.jpg
CF2E165C54924C66E619B132DA15BB44	家譜 三十九 宗矩公 享保十年	https://www.digital-archives.pref.fukui.lg.jp/iiif/2/1037695/manifest	dafukui	51	51	福井県文書館 Fukui Prefectural Archives	https://www.digital-archives.pref.fukui.lg.jp/iiif-image/medium/18f6033b84ef0a530c4662c7042f58c978e33c00.jpg
D2BA5FD3385161FAEFCA0B802EB40082	家譜 七 光通公 従寛文四年到同九年	https://www.digital-archives.pref.fukui.lg.jp/iiif/2/1033844/manifest	dafukui	96	96	福井県文書館 Fukui Prefectural Archives	https://www.digital-archives.pref.fukui.lg.jp/iiif-image/medium/39da6696c1516700d327e0fc73f3e8110385f921.jpg
D396207B343193D984E8F39ED11239FB	家譜 一 秀康公 従天正二年到慶長十二年	https://www.digital-archives.pref.fukui.lg.jp/iiif/2/1032820/manifest	dafukui	76	76	福井県文書館 Fukui Prefectural Archives	https://www.digital-archives.pref.fukui.lg.jp/iiif-image/medium/5a7f1bff8b2c2416ec85d1da13341d6631586718.jpg
D426459E522AA1CD4DDA01FF6C43982C	温古集 三巻	https://www.digital-archives.pref.fukui.lg.jp/iiif/2/1578294/manifest	dafukui	110	110	福井県文書館 Fukui Prefectural Archives	https://www.digital-archives.pref.fukui.lg.jp/iiif-image/medium/37b7626a92aff4bff56739ec8e0ffb3ffd3bf28f.jpg
D4309313430FAA46CB6B89FE3B062D12	村名（大野村尽、手習手本、「中屋可能」）	https://www.digital-archives.pref.fukui.lg.jp/iiif/2/2550684/manifest	dafukui	27	5	福井県文書館 Fukui Prefectural Archives	https://www.digital-archives.pref.fukui.lg.jp/iiif-image/medium/7330e82920589a3863e4745e85f29998d18385f8.jpg
D608B2129075AFEF8CB11D4BF4BBB744	松五郎参宮はなむけ并留守見舞	https://www.digital-archives.pref.fukui.lg.jp/iiif/2/907655/manifest	dafukui	8	8	福井県文書館 Fukui Prefectural Archives	https://www.digital-archives.pref.fukui.lg.jp/iiif-image/medium/2a80633a8634fb27730d8f3953906e4e6f9d2947.jpg
D7D3A1EAECFF801674B950FAA99CD85E	御手本（手習）	https://www.digital-archives.pref.fukui.lg.jp/iiif/2/3417357/manifest	dafukui	20	20	福井県文書館 Fukui Prefectural Archives	https://www.digital-archives.pref.fukui.lg.jp/iiif-image/medium/8a39a7b18f8cc978016a42c282eae38e3a60f7fe.jpg
D9FFC3EB52525A583EECBA7AC89B1ACE	諸願達之部	https://www.digital-archives.pref.fukui.lg.jp/iiif/2/1582295/manifest	dafukui	123	122	福井県文書館 Fukui Prefectural Archives	https://www.digital-archives.pref.fukui.lg.jp/iiif-image/medium/b388128235eafd307139a84b6ea2a4976a072c26.jpg
DC3ABD38EC8D474625219FCA76582B90	少傅日録抄（斉善付側向頭取日記、江戸并道中、初入在国、逝去後…	https://www.digital-archives.pref.fukui.lg.jp/iiif/2/1586984/manifest	dafukui	99	99	福井県文書館 Fukui Prefectural Archives	https://www.digital-archives.pref.fukui.lg.jp/iiif-image/medium/b775e27c0ec82d1abd373ad35933a02945e82b6f.jpg
E03D9E6339DCF12900AB4FBB8D624D6A	家譜 三十六 宗昌公 従享保八年到同九年	https://www.digital-archives.pref.fukui.lg.jp/iiif/2/1037440/manifest	dafukui	65	53	福井県文書館 Fukui Prefectural Archives	https://www.digital-archives.pref.fukui.lg.jp/iiif-image/medium/dd0dbdbcbb6e9afbd51ee4811a37e4bc26a8aa06.jpg
E13113E8A210C9865DA495AE819BCE75	家譜 三十三 吉邦公 享保四年	https://www.digital-archives.pref.fukui.lg.jp/iiif/2/1037033/manifest	dafukui	64	64	福井県文書館 Fukui Prefectural Archives	https://www.digital-archives.pref.fukui.lg.jp/iiif-image/medium/43be08dfebc7fdbb6855ecbdbc92d8dac38653c6.jpg
E369F32B088F35F132B590B760F764C8	（全国郡代・代官所諸役人名列）	https://www.digital-archives.pref.fukui.lg.jp/iiif/2/1212045/manifest	dafukui	37	5	福井県文書館 Fukui Prefectural Archives	https://www.digital-archives.pref.fukui.lg.jp/iiif-image/medium/c76813c8b56bded48ccb258411c4595b53ad6246.jpg
E42C1FDB56BD424E6288C3E8737FE9A3	家譜 二 忠直公 従文禄四年到慶安四年	https://www.digital-archives.pref.fukui.lg.jp/iiif/2/1032990/manifest	dafukui	105	105	福井県文書館 Fukui Prefectural Archives	https://www.digital-archives.pref.fukui.lg.jp/iiif-image/medium/9d330545bf094c74eca79936ea8174787b170d38.jpg
E446F21768E845E26980210768EF827B	御手本（手習、預リ申銀子之事、売渡申家屋敷事ほか）	https://www.digital-archives.pref.fukui.lg.jp/iiif/2/3416333/manifest	dafukui	23	23	福井県文書館 Fukui Prefectural Archives	https://www.digital-archives.pref.fukui.lg.jp/iiif-image/medium/39a48b1fef99f456c497eb9a1d6f7f9b749a06f6.jpg
E72D6870E447AF594B6EF4C6B8364554	世話千字文（手習手本）	https://www.digital-archives.pref.fukui.lg.jp/iiif/2/3417462/manifest	dafukui	31	31	福井県文書館 Fukui Prefectural Archives	https://www.digital-archives.pref.fukui.lg.jp/iiif-image/medium/326e88c7e52f2b983051c85e3f9ed2233114cbf1.jpg
E9823396AEF801029E9E9FCBC6B4F2AA	少傅日録抄（斉承付側向頭取日記、在府）	https://www.digital-archives.pref.fukui.lg.jp/iiif/2/1586026/manifest	dafukui	97	97	福井県文書館 Fukui Prefectural Archives	https://www.digital-archives.pref.fukui.lg.jp/iiif-image/medium/3a6f8d28fe986af7186cfbe23dfdc9f0127a7382.jpg
EE5E3F16D6621CB5EB1D39BE657E5CAD	蒐輯之部	https://www.digital-archives.pref.fukui.lg.jp/iiif/2/1581901/manifest	dafukui	80	80	福井県文書館 Fukui Prefectural Archives	https://www.digital-archives.pref.fukui.lg.jp/iiif-image/medium/ad34e94dddbaae9ad7e215e4698b96680fa97d40.jpg
F16ED3BE101A5231AFDA58E745E4A3C4	家譜 二十五 吉品公 従宝永六年到同七年	https://www.digital-archives.pref.fukui.lg.jp/iiif/2/1036107/manifest	dafukui	34	34	福井県文書館 Fukui Prefectural Archives	https://www.digital-archives.pref.fukui.lg.jp/iiif-image/medium/bb12e7c36466515280bafae2635808d0248aadbd.jpg
F22D1E4C751F996ABA729F9EE5723A92	御手本（手習、家号之事、小浜商家の屋号）	https://www.digital-archives.pref.fukui.lg.jp/iiif/2/3416516/manifest	dafukui	38	38	福井県文書館 Fukui Prefectural Archives	https://www.digital-archives.pref.fukui.lg.jp/iiif-image/medium/a0d2a7916ee2b6f41753f5bc5cd9f484152f3d20.jpg
F555E1792AB40945332357E00B161487	御手本（手習、いろは・数字、「名頭之事」「親戚字尽」「相庭之…	https://www.digital-archives.pref.fukui.lg.jp/iiif/2/3416589/manifest	dafukui	34	34	福井県文書館 Fukui Prefectural Archives	https://www.digital-archives.pref.fukui.lg.jp/iiif-image/medium/5ee6f488fb3356b492d41cedcadda502814974ae.jpg
F678B4A363CB81B096A4F31A520730FC	家譜 五 光通公 従寛永十三年到万治二年	https://www.digital-archives.pref.fukui.lg.jp/iiif/2/1033578/manifest	dafukui	80	80	福井県文書館 Fukui Prefectural Archives	https://www.digital-archives.pref.fukui.lg.jp/iiif-image/medium/3500fa8cb8e24acaf72a0a835f61ab211e08bb33.jpg
F7D4E96B40A1BF341572AD850F3352E6	御停止異変死失	https://www.digital-archives.pref.fukui.lg.jp/iiif/2/1580259/manifest	dafukui	130	130	福井県文書館 Fukui Prefectural Archives	https://www.digital-archives.pref.fukui.lg.jp/iiif-image/medium/9e3d14521b44112cc76d5ebea27700515ac53e5e.jpg
F8C5200700F47EA2190D6BDEC62C19FA	家譜 二十 吉品公 従元禄十年到同十二年	https://www.digital-archives.pref.fukui.lg.jp/iiif/2/1035666/manifest	dafukui	66	66	福井県文書館 Fukui Prefectural Archives	https://www.digital-archives.pref.fukui.lg.jp/iiif-image/medium/956a9ae003c1aef26c561ffc5cfd62dec9b56dc1.jpg
FA3739FD3B94C8A204E150F46EB3BAA6	惣太郎出生（右祝）	https://www.digital-archives.pref.fukui.lg.jp/iiif/2/1508383/manifest	dafukui	1	1	福井県文書館 Fukui Prefectural Archives	https://www.digital-archives.pref.fukui.lg.jp/iiif-image/medium/3d2b3d718dc83c96903a3580a672845f210140af.jpg
FABAC1269CCCD0F5986A99029BAA42EA	少傅日録抄（斉承付側向頭取日記、在府）	https://www.digital-archives.pref.fukui.lg.jp/iiif/2/1586530/manifest	dafukui	156	156	福井県文書館 Fukui Prefectural Archives	https://www.digital-archives.pref.fukui.lg.jp/iiif-image/medium/8d7e0ec0e8ab38effe84a20f4289e79fea86bc98.jpg
FB979131777CF140BD9DBB6FF6B0830A	命令之部 二	https://www.digital-archives.pref.fukui.lg.jp/iiif/2/1077600/manifest	dafukui	172	158	福井県文書館 Fukui Prefectural Archives	https://www.digital-archives.pref.fukui.lg.jp/iiif-image/medium/06895e4efb24122152d63c13ce555c834f1c73c8.jpg
FDEE6C304800D9A8F2AF96F15350BAB9	家譜 十三 綱昌公 従寛文元年到延宝五年	https://www.digital-archives.pref.fukui.lg.jp/iiif/2/1034812/manifest	dafukui	46	46	福井県文書館 Fukui Prefectural Archives	https://www.digital-archives.pref.fukui.lg.jp/iiif-image/medium/ab5baa1d9bf7046bcfb77ae697e1fc8879818033.jpg
FEEC934DB4052E2AEEBE66407B37AFB2	家譜 二十八 吉邦公 従宝永七年七月五日到正徳元年十二月	https://www.digital-archives.pref.fukui.lg.jp/iiif/2/1036409/manifest	dafukui	69	69	福井県文書館 Fukui Prefectural Archives	https://www.digital-archives.pref.fukui.lg.jp/iiif-image/medium/f9b091b2531af9ffc9266926489b0785aa2395bd.jpg
FF248BFF120D22FEA1F762DF874B3430	若州三方郡之内世久見浦御検地帳（世久見浦検地帳写）	https://www.digital-archives.pref.fukui.lg.jp/iiif/2/3388109/manifest	dafukui	52	52	福井県文書館 Fukui Prefectural Archives	https://www.digital-archives.pref.fukui.lg.jp/iiif-image/medium/f886d413fc75fb71a06c60997c8d4e5fa2b40877.jpg
FF8FC05342C4C8D8844FC4CE11280F0F	商売往来（往来物、手習）	https://www.digital-archives.pref.fukui.lg.jp/iiif/2/3415709/manifest	dafukui	35	35	福井県文書館 Fukui Prefectural Archives	https://www.digital-archives.pref.fukui.lg.jp/iiif-image/medium/7b1ccb2269e2162c43a7264396c5aaa357cc164d.jpg
a2332f6554f68e58180ff83f54cfc25b	家譜　四十六　宗矩公　享保二十年	https://www.digital-archives.pref.fukui.lg.jp/iiif/2/1038372/manifest	dafukui	40	0	福井県文書館	https://www.digital-archives.pref.fukui.lg.jp/iiif/2/1038373/full/200,/0/default.jpg
a26626c5567bd8ae6e9b2c34433716be	家譜　六十四　重昌公　宝暦六年	https://www.digital-archives.pref.fukui.lg.jp/iiif/2/1040343/manifest	dafukui	66	0	福井県文書館	https://www.digital-archives.pref.fukui.lg.jp/iiif-image/medium/58202cfb5b436e26d2da21acebf6c0289ca14b1c.jpg
a42838cae3458a45bf90bea5e07ff6c9	恐悦之部・御出殿之部・文武諸芸之部	https://www.digital-archives.pref.fukui.lg.jp/iiif/2/1582974/manifest	dafukui	81	18	福井県文書館	https://www.digital-archives.pref.fukui.lg.jp/iiif/2/1582975/full/200,/0/default.jpg
a5fcfa14263a71e1bb82161884c8d76e	家譜　七十四　重富公　宝暦十年十二月	https://www.digital-archives.pref.fukui.lg.jp/iiif/2/1041303/manifest	dafukui	64	0	福井県文書館	https://www.digital-archives.pref.fukui.lg.jp/iiif-image/medium/0a1b5cd2c3c0b723be08f5405541f9691f618ea6.jpg
a718463eeb604efc283d2bff955e8da9	家譜　四十一　宗矩公　享保十三年	https://www.digital-archives.pref.fukui.lg.jp/iiif/2/1037919/manifest	dafukui	48	13	福井県文書館	https://www.digital-archives.pref.fukui.lg.jp/iiif/2/1037920/full/200,/0/default.jpg
a9abaf2e4c07ea2af4dee62a1998fcac	家譜　百三　重富公　従安永六年正月到同年七月十六日	https://www.digital-archives.pref.fukui.lg.jp/iiif/2/1043877/manifest	dafukui	37	0	福井県文書館	https://www.digital-archives.pref.fukui.lg.jp/iiif-image/medium/95313b8b3b731573f63edde7c478a033583361f1.jpg
a9e2380477de664090de679031845fc3	家譜　百五　重富公　安永七年	https://www.digital-archives.pref.fukui.lg.jp/iiif/2/1043991/manifest	dafukui	53	0	福井県文書館	https://www.digital-archives.pref.fukui.lg.jp/iiif-image/medium/2e587fa43ce943fcfbe5fe0586588cfdf7a41e18.jpg
aa09eb00922225d95a5578384e26125b	家譜　四十三　宗矩公　従享保十六年到同十七年	https://www.digital-archives.pref.fukui.lg.jp/iiif/2/1038097/manifest	dafukui	40	5	福井県文書館	https://www.digital-archives.pref.fukui.lg.jp/iiif/2/1038098/full/200,/0/default.jpg
ae7bdb925bdf03723fe069fb2e5f84b5	家譜　八十五　重富公　明和三年	https://www.digital-archives.pref.fukui.lg.jp/iiif/2/1042122/manifest	dafukui	54	0	福井県文書館	https://www.digital-archives.pref.fukui.lg.jp/iiif-image/medium/9e6b61c8168cf1aaafbb610878870ad293611ac0.jpg
b515bfe747d9d2a2365e585483e45bc5	御触之部　上	https://www.digital-archives.pref.fukui.lg.jp/iiif/2/1080088/manifest	dafukui	117	61	福井県文書館	https://www.digital-archives.pref.fukui.lg.jp/iiif/2/1080089/full/200,/0/default.jpg
baadd72cc57553fec3e0690767a5418a	家譜　百二十一　重富公　寛政四年	https://www.digital-archives.pref.fukui.lg.jp/iiif/2/1045822/manifest	dafukui	43	0	福井県文書館	https://www.digital-archives.pref.fukui.lg.jp/iiif-image/medium/3e61be6fa00a2b89fb3ad81a0455e177c9bbcddd.jpg
bdf86b12ef3ac6a6e5a337cbc26bbc57	諸士先祖之記（諸士先祖之記録　五）	https://www.digital-archives.pref.fukui.lg.jp/iiif/2/1121987/manifest	dafukui	64	64	福井県文書館	https://www.digital-archives.pref.fukui.lg.jp/iiif/2/1122052/full/200,/0/default.jpg
bfb8c9fe5e007ea2363ca668bc237e2b	家譜　五十六　宗矩公　寛延二年	https://www.digital-archives.pref.fukui.lg.jp/iiif/2/1039363/manifest	dafukui	40	34	福井県文書館	https://www.digital-archives.pref.fukui.lg.jp/iiif/2/1039365/full/200,/0/default.jpg
c12e002bec22208fa6503ae359d4cace	家譜　五十九　重昌公　寛延三年	https://www.digital-archives.pref.fukui.lg.jp/iiif/2/1039677/manifest	dafukui	87	0	福井県文書館	https://www.digital-archives.pref.fukui.lg.jp/iiif-image/medium/a0552a2e864de99b52aa8931608bda4e409d0186.jpg
c28d16023b6f305d7327ab24aceac5db	家譜　五十一　宗矩公　寛保三年	https://www.digital-archives.pref.fukui.lg.jp/iiif/2/1038858/manifest	dafukui	34	22	福井県文書館	https://www.digital-archives.pref.fukui.lg.jp/iiif/2/1038859/full/200,/0/default.jpg
c379d928c36ce5550bc50fe9c2ee3377	家譜　九十一　重富公　従明和七年正月到同年六月六日	https://www.digital-archives.pref.fukui.lg.jp/iiif/2/1042645/manifest	dafukui	34	0	福井県文書館	https://www.digital-archives.pref.fukui.lg.jp/iiif-image/medium/4578239955401e4acbe52fb03b805f09eedcf11b.jpg
c4bbf618329f43600aaf071b36bca7fb	家譜　七十二　重富公　宝暦十年五月二日到同年七月	https://www.digital-archives.pref.fukui.lg.jp/iiif/2/1041138/manifest	dafukui	59	0	福井県文書館	https://www.digital-archives.pref.fukui.lg.jp/iiif-image/medium/04612ac28cd25d3ae6a8abb0362b30fa61f4da58.jpg
cc6166e17ee20257f33984a1a0b88890	家譜　百八　重富公　従安永九年正月到同年六月二日	https://www.digital-archives.pref.fukui.lg.jp/iiif/2/1044437/manifest	dafukui	32	0	福井県文書館	https://www.digital-archives.pref.fukui.lg.jp/iiif-image/medium/2b63914840db335df315a5e697ef0185706cf890.jpg
ccec3af0bcf64ccf0acf8dcf188da7ed	家譜　百十一　重富公　天明元年	https://www.digital-archives.pref.fukui.lg.jp/iiif/2/1044734/manifest	dafukui	65	0	福井県文書館	https://www.digital-archives.pref.fukui.lg.jp/iiif-image/medium/adc0785b2258eee0708c91a1eaf322e87c2a9db9.jpg
cdce62ae3311f6112ba45b36b8427e0e	（ひらがな日記、買物書上等）	https://www.digital-archives.pref.fukui.lg.jp/iiif/2/1367929/manifest	dafukui	144	0	福井県文書館	https://www.digital-archives.pref.fukui.lg.jp/iiif-image/medium/a64f2e06b985cf4de1643e1a2b80954f1d0c45f6.jpg
cedfd2acdddfc64df5e600b5f14bed44	家譜　八十八　重富公　従明和五年五月十六日到同年九月五日	https://www.digital-archives.pref.fukui.lg.jp/iiif/2/1042352/manifest	dafukui	47	0	福井県文書館	https://www.digital-archives.pref.fukui.lg.jp/iiif-image/medium/cb42a17086398825f508dd3617fd6804f4c98f2f.jpg
cf2975e0f931cead88f3d3b554aff30c	家譜　百七　重富公　従安永八年六月二十五日到同年十二月	https://www.digital-archives.pref.fukui.lg.jp/iiif/2/1044233/manifest	dafukui	45	0	福井県文書館	https://www.digital-archives.pref.fukui.lg.jp/iiif-image/medium/0c41002459b2ae14488f6f54717921c6eb666286.jpg
d7d941d4b223ce080e6934d225c40f24	家譜　九十七　重富公　安永二年	https://www.digital-archives.pref.fukui.lg.jp/iiif/2/1043332/manifest	dafukui	73	0	福井県文書館	https://www.digital-archives.pref.fukui.lg.jp/iiif-image/medium/ffe81519f546de0daf633c41ce5a0818b9d0fbdb.jpg
d912582e6a87608645166c2ce71b3b18	家譜　四十九　宗矩公　従元文四年到同五年	https://www.digital-archives.pref.fukui.lg.jp/iiif/2/1038699/manifest	dafukui	42	2	福井県文書館	https://www.digital-archives.pref.fukui.lg.jp/iiif/2/1038700/full/200,/0/default.jpg
dfc2af91d5e92a1aa9f77324c3b8a848	公儀御触之部	https://www.digital-archives.pref.fukui.lg.jp/iiif/2/1022172/manifest	dafukui	208	60	福井県文書館	https://www.digital-archives.pref.fukui.lg.jp/iiif/2/1022173/full/200,/0/default.jpg
e52f3ec5926fda024e3bab45bd746173	家譜　九十四　重富公　従明和八年七月到同年十二月	https://www.digital-archives.pref.fukui.lg.jp/iiif/2/1042875/manifest	dafukui	47	0	福井県文書館	https://www.digital-archives.pref.fukui.lg.jp/iiif-image/medium/9690832a83cd9d860d9fd07d82277c319ef03275.jpg
ea5a44624b7448e376506d98e78f2a6a	諸士先祖之記（諸士先祖之記録　二）	https://www.digital-archives.pref.fukui.lg.jp/iiif/2/1122495/manifest	dafukui	134	134	福井県文書館	https://www.digital-archives.pref.fukui.lg.jp/iiif/2/1122630/full/200,/0/default.jpg
eaf56c5796bea9a954549b44c1b5c844	家譜　百二十二　重富公　寛政五年	https://www.digital-archives.pref.fukui.lg.jp/iiif/2/1045891/manifest	dafukui	63	0	福井県文書館	https://www.digital-archives.pref.fukui.lg.jp/iiif-image/medium/38704ad740f6d279e89e5879bdb97111d6727556.jpg
ed5001c1980729d244716b948968af76	家譜　八十六　重富公　明和四年	https://www.digital-archives.pref.fukui.lg.jp/iiif/2/1042211/manifest	dafukui	38	0	福井県文書館	https://www.digital-archives.pref.fukui.lg.jp/iiif-image/medium/687d933cdd2569da100cadb635ff89751c93c355.jpg
ee9101b6fe650dde2c364109df99371e	四民遊芸之部 御目付支配之部	https://www.digital-archives.pref.fukui.lg.jp/iiif/2/1080893/manifest	dafukui	107	107	福井県文書館	https://www.digital-archives.pref.fukui.lg.jp/iiif/2/1080894/full/200,/0/default.jpg
eee17e8c1c3f8260b8b4a50931a606d2	家譜　九十二　重富公　従明和七年六月九日到同年十二月	https://www.digital-archives.pref.fukui.lg.jp/iiif/2/1042729/manifest	dafukui	38	0	福井県文書館	https://www.digital-archives.pref.fukui.lg.jp/iiif-image/medium/7df8bffe6550e87917877c84862120351d88ca2b.jpg
f280ba72f82e7bdead0ee1ac9063a121	家譜　百二十七　重富公　従寛政十二年正月到同年九月	https://www.digital-archives.pref.fukui.lg.jp/iiif/2/1046292/manifest	dafukui	51	0	福井県文書館	https://www.digital-archives.pref.fukui.lg.jp/iiif-image/medium/c3c9e1b24b3869dfa223e7322022c4ac6198dced.jpg
f351055087c8423f472da9187bc53001	家譜　百二十五　重富公　寛政八年	https://www.digital-archives.pref.fukui.lg.jp/iiif/2/1046120/manifest	dafukui	39	0	福井県文書館	https://www.digital-archives.pref.fukui.lg.jp/iiif-image/medium/e5c1fc1fa83c9a49d1a74855f92d6e580ad2205f.jpg
f5af54cd981bf73d9a873e5f9fd9303c	家譜　六十七　重富公　従寛延元年到宝暦七年	https://www.digital-archives.pref.fukui.lg.jp/iiif/2/1040626/manifest	dafukui	25	0	福井県文書館	https://www.digital-archives.pref.fukui.lg.jp/iiif-image/medium/2f6c77c4dc0fad87e04cba96eafdeda6e59b5ea2.jpg
f6d4ea85aa3ccf8490fbcd4fc80c2a68	家譜　百二十三　重富公　寛政六年	https://www.digital-archives.pref.fukui.lg.jp/iiif/2/1045982/manifest	dafukui	42	0	福井県文書館	https://www.digital-archives.pref.fukui.lg.jp/iiif-image/medium/75d67e7d275d85ddfa2425b4ff0ff2ffc6bbdc0b.jpg
f82f6b40505ee8eeb462b94f39003ee8	家譜　八十七　重富公　従明和五年正月到同年五月十二日	https://www.digital-archives.pref.fukui.lg.jp/iiif/2/1042287/manifest	dafukui	41	0	福井県文書館	https://www.digital-archives.pref.fukui.lg.jp/iiif-image/medium/75a260bcedb315bf62e4ed62c7163c0794284105.jpg
f9181a73115787da2feb4f734b30eedf	家譜　百二十六　重富公　従寛政九年到同十年	https://www.digital-archives.pref.fukui.lg.jp/iiif/2/1046194/manifest	dafukui	73	0	福井県文書館	https://www.digital-archives.pref.fukui.lg.jp/iiif-image/medium/b24718d0a2a8295a56127a799f6b72c7935b2eb1.jpg
f926e0c96a21f18f23b0ef2107b50dbb	家譜　百一　重富公　従安永五年正月到同年五月九日	https://www.digital-archives.pref.fukui.lg.jp/iiif/2/1043735/manifest	dafukui	47	0	福井県文書館	https://www.digital-archives.pref.fukui.lg.jp/iiif-image/medium/125ad6a23c11c09e5057df8dd5ad8ff840019679.jpg
fb9b7d85dd7c8f877216ed32a1868467	家譜　九十八　重富公　従安永三年正月到同年八月	https://www.digital-archives.pref.fukui.lg.jp/iiif/2/1043452/manifest	dafukui	50	0	福井県文書館	https://www.digital-archives.pref.fukui.lg.jp/iiif-image/medium/79b15b2f5f2d8ecaed3efb28b72b5fb62c5c57ae.jpg
fcc263531946a77151a5daf0aecf990d	家譜　八十　重富公　従宝暦十三年八月到同年十二月	https://www.digital-archives.pref.fukui.lg.jp/iiif/2/1041752/manifest	dafukui	49	0	福井県文書館	https://www.digital-archives.pref.fukui.lg.jp/iiif-image/medium/f86e00b79ef73293c03c1f8439fd5e70a309f637.jpg
fd46d8ac06b4fcd8b91dc539586fed8c	家譜　七十一　重富公　宝暦十年正月到同年五月朔日	https://www.digital-archives.pref.fukui.lg.jp/iiif/2/1041039/manifest	dafukui	71	0	福井県文書館	https://www.digital-archives.pref.fukui.lg.jp/iiif-image/medium/b6dc95566aeb34527bde9c1496b187518239b85d.jpg