filename	status	image
001.txt	default	https://www.digital-archives.pref.fukui.lg.jp/iiif/2/1043651/full/full/0/default.jpg
002.txt	default	https://www.digital-archives.pref.fukui.lg.jp/iiif/2/1043652/full/full/0/default.jpg
003.txt	default	https://www.digital-archives.pref.fukui.lg.jp/iiif/2/1043653/full/full/0/default.jpg
004.txt	default	https://www.digital-archives.pref.fukui.lg.jp/iiif/2/1043654/full/full/0/default.jpg
005.txt	default	https://www.digital-archives.pref.fukui.lg.jp/iiif/2/1043655/full/full/0/default.jpg
006.txt	default	https://www.digital-archives.pref.fukui.lg.jp/iiif/2/1043656/full/full/0/default.jpg
007.txt	default	https://www.digital-archives.pref.fukui.lg.jp/iiif/2/1043657/full/full/0/default.jpg
008.txt	default	https://www.digital-archives.pref.fukui.lg.jp/iiif/2/1043658/full/full/0/default.jpg
009.txt	default	https://www.digital-archives.pref.fukui.lg.jp/iiif/2/1043659/full/full/0/default.jpg
010.txt	default	https://www.digital-archives.pref.fukui.lg.jp/iiif/2/1043660/full/full/0/default.jpg
011.txt	default	https://www.digital-archives.pref.fukui.lg.jp/iiif/2/1043661/full/full/0/default.jpg
012.txt	default	https://www.digital-archives.pref.fukui.lg.jp/iiif/2/1043662/full/full/0/default.jpg
013.txt	default	https://www.digital-archives.pref.fukui.lg.jp/iiif/2/1043663/full/full/0/default.jpg
014.txt	default	https://www.digital-archives.pref.fukui.lg.jp/iiif/2/1043664/full/full/0/default.jpg
015.txt	default	https://www.digital-archives.pref.fukui.lg.jp/iiif/2/1043665/full/full/0/default.jpg
016.txt	default	https://www.digital-archives.pref.fukui.lg.jp/iiif/2/1043666/full/full/0/default.jpg
017.txt	default	https://www.digital-archives.pref.fukui.lg.jp/iiif/2/1043667/full/full/0/default.jpg
018.txt	default	https://www.digital-archives.pref.fukui.lg.jp/iiif/2/1043668/full/full/0/default.jpg
019.txt	default	https://www.digital-archives.pref.fukui.lg.jp/iiif/2/1043669/full/full/0/default.jpg
020.txt	default	https://www.digital-archives.pref.fukui.lg.jp/iiif/2/1043670/full/full/0/default.jpg
021.txt	default	https://www.digital-archives.pref.fukui.lg.jp/iiif/2/1043671/full/full/0/default.jpg
022.txt	default	https://www.digital-archives.pref.fukui.lg.jp/iiif/2/1043672/full/full/0/default.jpg
023.txt	default	https://www.digital-archives.pref.fukui.lg.jp/iiif/2/1043673/full/full/0/default.jpg
024.txt	default	https://www.digital-archives.pref.fukui.lg.jp/iiif/2/1043674/full/full/0/default.jpg
025.txt	default	https://www.digital-archives.pref.fukui.lg.jp/iiif/2/1043675/full/full/0/default.jpg
026.txt	default	https://www.digital-archives.pref.fukui.lg.jp/iiif/2/1043676/full/full/0/default.jpg
027.txt	default	https://www.digital-archives.pref.fukui.lg.jp/iiif/2/1043677/full/full/0/default.jpg
028.txt	default	https://www.digital-archives.pref.fukui.lg.jp/iiif/2/1043678/full/full/0/default.jpg
029.txt	default	https://www.digital-archives.pref.fukui.lg.jp/iiif/2/1043679/full/full/0/default.jpg
030.txt	default	https://www.digital-archives.pref.fukui.lg.jp/iiif/2/1043680/full/full/0/default.jpg
031.txt	default	https://www.digital-archives.pref.fukui.lg.jp/iiif/2/1043681/full/full/0/default.jpg
032.txt	default	https://www.digital-archives.pref.fukui.lg.jp/iiif/2/1043682/full/full/0/default.jpg
033.txt	default	https://www.digital-archives.pref.fukui.lg.jp/iiif/2/1043683/full/full/0/default.jpg
034.txt	default	https://www.digital-archives.pref.fukui.lg.jp/iiif/2/1043684/full/full/0/default.jpg
035.txt	default	https://www.digital-archives.pref.fukui.lg.jp/iiif/2/1043685/full/full/0/default.jpg
036.txt	default	https://www.digital-archives.pref.fukui.lg.jp/iiif/2/1043686/full/full/0/default.jpg
037.txt	default	https://www.digital-archives.pref.fukui.lg.jp/iiif/2/1043687/full/full/0/default.jpg
038.txt	default	https://www.digital-archives.pref.fukui.lg.jp/iiif/2/1043688/full/full/0/default.jpg
039.txt	default	https://www.digital-archives.pref.fukui.lg.jp/iiif/2/1043689/full/full/0/default.jpg
040.txt	default	https://www.digital-archives.pref.fukui.lg.jp/iiif/2/1043690/full/full/0/default.jpg
041.txt	default	https://www.digital-archives.pref.fukui.lg.jp/iiif/2/1043691/full/full/0/default.jpg
042.txt	default	https://www.digital-archives.pref.fukui.lg.jp/iiif/2/1043692/full/full/0/default.jpg
043.txt	default	https://www.digital-archives.pref.fukui.lg.jp/iiif/2/1043693/full/full/0/default.jpg
044.txt	default	https://www.digital-archives.pref.fukui.lg.jp/iiif/2/1043694/full/full/0/default.jpg
045.txt	default	https://www.digital-archives.pref.fukui.lg.jp/iiif/2/1043695/full/full/0/default.jpg
046.txt	default	https://www.digital-archives.pref.fukui.lg.jp/iiif/2/1043696/full/full/0/default.jpg
047.txt	default	https://www.digital-archives.pref.fukui.lg.jp/iiif/2/1043697/full/full/0/default.jpg
048.txt	default	https://www.digital-archives.pref.fukui.lg.jp/iiif/2/1043698/full/full/0/default.jpg
049.txt	default	https://www.digital-archives.pref.fukui.lg.jp/iiif/2/1043699/full/full/0/default.jpg
050.txt	default	https://www.digital-archives.pref.fukui.lg.jp/iiif/2/1043700/full/full/0/default.jpg
051.txt	default	https://www.digital-archives.pref.fukui.lg.jp/iiif/2/1043701/full/full/0/default.jpg
052.txt	default	https://www.digital-archives.pref.fukui.lg.jp/iiif/2/1043702/full/full/0/default.jpg
053.txt	default	https://www.digital-archives.pref.fukui.lg.jp/iiif/2/1043703/full/full/0/default.jpg
054.txt	default	https://www.digital-archives.pref.fukui.lg.jp/iiif/2/1043704/full/full/0/default.jpg